0,0,0,0,0,0,0,0,0,0,0,0,0,0,0,0
0,0,0,0,0,0,0,0,0,0,0,0,0,0.0274861157896773,0,0.016730729744155
0,0,0,0,0,0,0,0,0,0,0,0,0,0.0549722315793545,0,0.03346145948831
0,0,0,0,0,0,0,0,0,0,0,0,0,0.0824583473690318,0,0.050192189232465
0,0,0,0,0,0,0,0,0,0,0,0,0,0.109944463158709,0,0.06692291897662
0,0,0,0,0,0,0,0,0,0,0,0,0,0.137430578948386,0,0.083653648720775
0,0,0,0,0,0,0,0,0,0,0,0,0,0.164916694738064,0,0.10038437846493
0,0,0,0,0,0,0,0,0,0,0,0,0,0.192402810527741,0,0.117115108209085
0,0,0,0,0,0,0,0,0,0,0,0,0,0.219888926317418,0,0.13384583795324
0,0,0,0,0,0,0,0,0,0,0,0,0,0.247375042107095,0,0.150576567697395
0,0,0,0,0,0,0,0,0,0,0,0,0,0.274861157896773,0,0.16730729744155
0,0,0,0,0,0,0,0,0,0,0,0,0,0.30234727368645,0,0.184038027185705
0,0,0,0,0,0,0,0,0,0,0,0,0,0.329833389476127,0,0.20076875692986
0,0,0,0,0,0,0,0,0,0,0,0,0,0.357319505265804,0,0.217499486674015
0,0,0,0,0,0,0,0,0,0,0,0,0,0.384805621055482,0,0.23423021641817
0,0,0,0,0,0,0,0,0,0,0,0,0,0.412291736845159,0,0.250960946162325
0,0,0,0,0,0,0,0,0,0,0,0,0,0.439777852634836,0,0.26769167590648
0,0,0,0,0,0,0,0,0,0,0,0,0,0.467263968424513,0,0.284422405650635
0,0,0,0,0,0,0,0,0,0,0,0,0,0.494750084214191,0,0.30115313539479
0,0,0,0,0,0,0,0,0,0,0,0,0,0.522236200003868,0,0.317883865138945
0,0,0,0,0,0,0,0,0,0,0,0,0,0.549722315793545,0,0.3346145948831
0,0,0,0,0,0,0,0,0,0,0,0,0,0.577208431583222,0,0.351345324627255
0,0,0,0,0,0,0,0,0,0,0,0,0,0.6046945473729,0,0.36807605437141
0,0,0,0,0,0,0,0,0,0,0,0,0,0.632180663162577,0,0.384806784115565
0,0,0,0,0,0,0,0,0,0,0,0,0,0.659666778952254,0,0.40153751385972
0,0,0,0,0,0,0,0,0,0,0,0,0,0.687152894741931,0,0.418268243603875
0,0,0,0,0,0,0,0,0,0,0,0,0,0.714639010531609,0,0.43499897334803
0,0,0,0,0,0,0,0,0,0,0,0,0,0.742125126321286,0,0.451729703092185
0,0,0,0,0,0,0,0,0,0,0,0,0,0.769611242110963,0,0.46846043283634
0,0,0,0,0,0,0,0,0,0,0,0,0,0.79709735790064,0,0.485191162580495
0,0,0,0,0,0,0,0,0,0,0,0,0,0.824583473690318,0,0.50192189232465
0,0,0,0,0,0,0,0,0,0,0,0,0,0.852069589479995,0,0.518652622068805
0,0,0,0,0,0,0,0,0,0,0,0,0,0.879555705269672,0,0.53538335181296
0,0,0,0,0,0,0,0,0,0,0,0,0,0.907041821059349,0,0.552114081557115
0,0,0,0,0,0,0,0,0,0,0,0,0,0.934527936849027,0,0.56884481130127
0,0,0,0,0,0,0,0,0,0,0,0,0,0.962014052638704,0,0.585575541045425
0,0,0,0,0,0,0,0,0,0,0,0,0,0.989500168428381,0,0.60230627078958
0,0,0,0,0,0,0,0,0,0,0,0,0,1.01698628421806,0,0.619037000533735
0,0,0,0,0,0,0,0,0,0,0,0,0,1.04447240000774,0,0.63576773027789
0,0,0,0,0,0,0,0,0,0,0,0,0,1.07195851579741,0,0.652498460022045
0,0,0,0,0,0,0,0,0,0,0,0,0,1.09944463158709,0,0.6692291897662
0,0,0,0,0,0,0,0,0,0,0,0,0,1.12693074737677,0,0.685959919510355
0,0,0,0,0,0,0,0,0,0,0,0,0,1.15441686316644,0,0.70269064925451
0,0,0,0,0,0,0,0,0,0,0,0,0,1.18190297895612,0,0.719421378998665
0,0,0,0,0,0,0,0,0,0,0,0,0,1.2093890947458,0,0.73615210874282
0,0,0,0,0,0,0,0,0,0,0,0,0,1.23687521053548,0,0.752882838486975
0,0,0,0,0,0,0,0,0,0,0,0,0,1.26436132632515,0,0.76961356823113
0,0,0,0,0,0,0,0,0,0,0,0,0,1.29184744211483,0,0.786344297975285
0,0,0,0,0,0,0,0,0,0,0,0,0,1.31933355790451,0,0.80307502771944
0,0,0,0,0,0,0,0,0,0,0,0,0,1.34681967369419,0,0.819805757463595
0,0,0,0,0,0,0,0,0,0,0,0,0,1.37430578948386,0,0.83653648720775
0,0,0,0,0,0,0,0,0,0,0,0,0,1.40179190527354,0,0.853267216951905
0,0,0,0,0,0,0,0,0,0,0,0,0,1.42927802106322,0,0.86999794669606
0,0,0,0,0,0,0,0,0,0,0,0,0,1.45676413685289,0,0.886728676440215
0,0,0,0,0,0,0,0,0,0,0,0,0,1.48425025264257,0,0.90345940618437
0,0,0,0,0,0,0,0,0,0,0,0,0,1.51173636843225,0,0.920190135928525
0,0,0,0,0,0,0,0,0,0,0,0,0,1.53922248422193,0,0.93692086567268
0,0,0,0,0,0,0,0,0,0,0,0,0,1.5667086000116,0,0.953651595416835
0,0,0,0,0,0,0,0,0,0,0,0,0,1.5707963267949,0,0.97038232516099
0,0,0,0,0,0,0,0,0,0,0,0,0,1.5707963267949,0,0.987113054905145
0,0,0,0,0,0,0,0,0,0,0,0,0,1.5707963267949,0,1.0038437846493
0,0,0,0,0,0,0,0,0,0,0,0,0,1.5707963267949,0,1.02057451439346
0,0,0,0,0,0,0,0,0,0,0,0,0,1.5707963267949,0,1.03730524413761
0,0,0,0,0,0,0,0,0,0,0,0,0,1.5707963267949,0,1.05403597388177
0,0,0,0,0,0,0,0,0,0,0,0,0,1.5707963267949,0,1.07076670362592
0,0,0,0,0,0,0,0,0,0,0,0,0,1.5707963267949,0,1.08749743337008
0,0,0,0,0,0,0,0,0,0,0,0,0,1.5707963267949,0,1.10422816311423
0,0,0,0,0,0,0,0,0,0,0,0,0,1.5707963267949,0,1.12095889285839
0,0,0,0,0,0,0,0,0,0,0,0,0,1.5707963267949,0,1.13768962260254
0,0,0,0,0,0,0,0,0,0,0,0,0,1.5707963267949,0,1.1544203523467
0,0,0,0,0,0,0,0,0,0,0,0,0,1.5707963267949,0,1.17115108209085
0,0,0,0,0,0,0,0,0,0,0,0,0,1.5707963267949,0,1.187881811835
0,0,0,0,0,0,0,0,0,0,0,0,0,1.5707963267949,0,1.20461254157916
0,0,0,0,0,0,0,0,0,0,0,0,0,1.5707963267949,0,1.22134327132332
0,0,0,0,0,0,0,0,0,0,0,0,0,1.5707963267949,0,1.23807400106747
0,0,0,0,0,0,0,0,0,0,0,0,0,1.5707963267949,0,1.25480473081163
0,0,0,0,0,0,0,0,0,0,0,0,0,1.5707963267949,0,1.27153546055578
0,0,0,0,0,0,0,0,0,0,0,0,0,1.5707963267949,0,1.28826619029994
0,0,0,0,0,0,0,0,0,0,0,0,0,1.5707963267949,0,1.30499692004409
0,0,0,0,0,0,0,0,0,0,0,0,0,1.5707963267949,0,1.32172764978825
0,0,0,0,0,0,0,0,0,0,0,0,0,1.5707963267949,0,1.3384583795324
0,0,0,0,0,0,0,0,0,0,0,0,0,1.5707963267949,0,1.35518910927656
0,0,0,0,0,0,0,0,0,0,0,0,0,1.5707963267949,0,1.37191983902071
0,0,0,0,0,0,0,0,0,0,0,0,0,1.5707963267949,0,1.38865056876487
0,0,0,0,0,0,0,0,0,0,0,0,0,1.5707963267949,0,1.40538129850902
0,0,0,0,0,0,0,0,0,0,0,0,0,1.5707963267949,0,1.42211202825318
0,0,0,0,0,0,0,0,0,0,0,0,0,1.5707963267949,0,1.43884275799733
0,0,0,0,0,0,0,0,0,0,0,0,0,1.5707963267949,0,1.45557348774148
0,0,0,0,0,0,0,0,0,0,0,0,0,1.5707963267949,0,1.47230421748564
0,0,0,0,0,0,0,0,0,0,0,0,0,1.5707963267949,0,1.4890349472298
0,0,0,0,0,0,0,0,0,0,0,0,0,1.5707963267949,0,1.50576567697395
0,0,0,0,0,0,0,0,0,0,0,0,0,1.5707963267949,0,1.52249640671811
0,0,0,0,0,0,0,0,0,0,0,0,0,1.5707963267949,0,1.53922713646226
0,0,0,0,0,0,0,0,0,0,0,0,0,1.5707963267949,0,1.55595786620642
0,0,0,0,0,0,0,0,0,0,0,0,0,1.5707963267949,0,1.5707963267949
0,0,0,0,0,0,0,0,0,0,0,0,0,1.5707963267949,0,1.5707963267949
0,0,0,0,0,0,0,0,0,0,0,0,0,1.5707963267949,0,1.5707963267949
0,0,0,0,0,0,0,0,0,0,0,0,0,1.5707963267949,0,1.5707963267949
0,0,0,0,0,0,0,0,0,0,0,0,0,1.5707963267949,0,1.5707963267949
0,0,0,0,0,0,0,0,0,0,0,0,0,1.5707963267949,0,1.5707963267949
-6.3253180077825e-12,-1.44596763940843e-08,-3.16899994306404e-12,-1.44564568283575e-08,-5.69916823211417e-12,-1.44533114594826e-08,0,-1.44501593771538e-08,7.63352261603742e-16,-1.14507369780888e-08,-2.86106368785807e-15,-1.14507370284363e-08,0,1.5707963267949,0,1.5707963267949
0,7.41113613202264e-08,0,7.41113613202326e-08,0,7.41113613202231e-08,0,7.41113613202309e-08,0,2.22869126434282e-08,0,2.2286912643428e-08,0,1.5707963267949,0,1.5707963267949
0,-1.3496161897273e-07,0,-1.34961618972754e-07,0,-1.34961618972739e-07,0,-1.3496161897273e-07,0,-5.47893348950086e-08,0,-5.4789334895015e-08,0,1.5707963267949,0,1.5707963267949
0,2.04813698983088e-07,0,2.0481369898307e-07,0,2.04813698983073e-07,0,2.04813698983079e-07,0,5.90615824203302e-08,0,5.90615824203268e-08,0,1.5707963267949,0,1.5707963267949
0,-2.3867706764985e-07,0,-2.38677067649824e-07,0,-2.38677067649832e-07,0,-2.38677067649844e-07,0,-8.91739706761715e-08,0,-8.91739706761788e-08,0,1.5707963267949,0,1.5707963267949
0,3.09789271747488e-07,0,3.09789271747514e-07,0,3.097892717475e-07,0,3.09789271747489e-07,0,8.21144323848e-08,0,8.21144323847992e-08,0,1.5707963267949,0,1.5707963267949
0,-3.26488561661342e-07,0,-3.26488561661321e-07,0,-3.26488561661339e-07,0,-3.26488561661306e-07,0,-7.70513373321859e-08,0,-7.70513373321798e-08,0,1.5707963267949,0,1.5707963267949
0,4.01798891794103e-07,0,4.01798891794109e-07,0,4.01798891794101e-07,0,4.0179889179413e-07,0,7.470571863802e-08,0,7.47057186380232e-08,0,1.5707963267949,0,1.5707963267949
0,-3.9783169031109e-07,0,-3.97831690311078e-07,0,-3.97831690311088e-07,0,-3.97831690311098e-07,0,-3.61481977356487e-08,0,-3.61481977356475e-08,0,1.5707963267949,0,1.5707963267949
0,4.64570681720085e-07,0,4.64570681720085e-07,0,4.64570681720086e-07,0,4.64570681720076e-07,0,9.09265532390905e-09,0,9.09265532390751e-09,0,1.5707963267949,0,1.5707963267949
0,-4.54016193352947e-07,0,-4.54016193353073e-07,0,-4.54016193353004e-07,0,-4.54016193352988e-07,0,3.12125573902558e-08,0,3.12125573902565e-08,0,1.5707963267949,0,1.5707963267949
0,5.0923659439385e-07,0,5.09236594393867e-07,0,5.09236594393903e-07,0,5.09236594393871e-07,0,-6.59934307081671e-08,0,-6.59934307081647e-08,0,1.5707963267949,0,1.5707963267949
0,-4.94703978655223e-07,0,-4.94703978655238e-07,0,-4.94703978655241e-07,0,-4.94703978655246e-07,0,1.07646000948321e-07,0,1.07646000948318e-07,0,1.5707963267949,0,1.5707963267949
0,5.29562804944539e-07,0,5.29562804944501e-07,0,5.2956280494454e-07,0,5.29562804944517e-07,0,-1.1749057179365e-07,0,-1.17490571793641e-07,0,1.5707963267949,0,1.5707963267949
0,-5.19465803056615e-07,0,-5.19465803056597e-07,0,-5.19465803056577e-07,0,-5.19465803056557e-07,0,1.66880341895765e-07,0,1.66880341895762e-07,0,1.5707963267949,0,1.5707963267949
0,5.28027125790719e-07,0,5.28027125790687e-07,0,5.28027125790653e-07,0,5.28027125790716e-07,0,-1.59172035505905e-07,0,-1.59172035505899e-07,0,1.5707963267949,0,1.5707963267949
0,-5.32772859185976e-07,0,-5.3277285918605e-07,0,-5.32772859186003e-07,0,-5.32772859186044e-07,0,2.0230508629889e-07,0,2.02305086298879e-07,0,1.5707963267949,0,1.5707963267949
0,5.09789807846167e-07,0,5.0978980784617e-07,0,5.09789807846178e-07,0,5.09789807846154e-07,0,-1.76478635273271e-07,0,-1.76478635273263e-07,0,1.5707963267949,0,1.5707963267949
0,-5.41070697534712e-07,0,-5.41070697534714e-07,0,-5.41070697534704e-07,0,-5.41070697534726e-07,0,2.02039514045742e-07,0,2.0203951404574e-07,0,1.5707963267949,0,1.5707963267949
0,4.80714624946289e-07,0,4.80714624946339e-07,0,4.8071462494631e-07,0,4.80714624946262e-07,0,-1.93466116070833e-07,0,-1.93466116070842e-07,0,1.5707963267949,0,1.5707963267949
0,-5.21909400823564e-07,0,-5.21909400823557e-07,0,-5.21909400823585e-07,0,-5.21909400823586e-07,0,1.88183042324877e-07,0,1.88183042324886e-07,0,1.5707963267949,0,1.5707963267949
0,4.6063169068603e-07,0,4.60631690686032e-07,0,4.60631690686008e-07,0,4.60631690686011e-07,0,-2.0062812118157e-07,0,-2.00628121181572e-07,0,1.5707963267949,0,1.5707963267949
0,-4.68088604522755e-07,0,-4.68088604522773e-07,0,-4.68088604522762e-07,0,-4.68088604522746e-07,0,1.63221440660082e-07,0,1.6322144066009e-07,0,1.5707963267949,0,1.5707963267949
0,4.38985061661862e-07,0,4.38985061661843e-07,0,4.38985061661826e-07,0,4.38985061661833e-07,0,-1.94585473055638e-07,0,-1.94585473055643e-07,0,1.5707963267949,0,1.5707963267949
0,-4.2310189505187e-07,0,-4.2310189505185e-07,0,-4.23101895051871e-07,0,-4.23101895051835e-07,0,1.14096201341849e-07,0,1.1409620134185e-07,0,1.5707963267949,0,1.5707963267949
0,3.90400896500339e-07,0,3.90400896500322e-07,0,3.90400896500326e-07,0,3.90400896500317e-07,0,-1.65199727833765e-07,0,-1.65199727833763e-07,0,1.5707963267949,0,1.5707963267949
0,-3.48531039464117e-07,0,-3.48531039464116e-07,0,-3.48531039464092e-07,0,-3.48531039464096e-07,0,8.93855950593827e-08,0,8.93855950593833e-08,0,1.5707963267949,0,1.5707963267949
0,3.44591701094518e-07,0,3.44591701094518e-07,0,3.44591701094506e-07,0,3.44591701094514e-07,0,-1.02058259348786e-07,0,-1.02058259348787e-07,0,1.5707963267949,0,1.5707963267949
0,-3.02234146041389e-07,0,-3.02234146041377e-07,0,-3.02234146041376e-07,0,-3.02234146041385e-07,0,7.04434265828944e-08,0,7.04434265828959e-08,0,1.5707963267949,0,1.5707963267949
0,2.81144014117961e-07,0,2.81144014117952e-07,0,2.81144014117962e-07,0,2.81144014117962e-07,0,-7.04743874422538e-08,0,-7.0474387442256e-08,0,1.5707963267949,0,1.5707963267949
0,-2.6661963695465e-07,0,-2.66619636954646e-07,0,-2.66619636954651e-07,0,-2.66619636954651e-07,0,4.41042041467136e-08,0,4.41042041467135e-08,0,1.5707963267949,0,1.5707963267949
0,2.07030676643382e-07,0,2.07030676643388e-07,0,2.07030676643388e-07,0,2.07030676643384e-07,0,-4.95081616978289e-08,0,-4.95081616978293e-08,0,1.5707963267949,0,1.5707963267949
0,-2.12309616713642e-07,0,-2.12309616713644e-07,0,-2.1230961671365e-07,0,-2.12309616713644e-07,0,3.11633249359088e-08,0,3.11633249359089e-08,0,1.5707963267949,0,1.5707963267949
0,1.1592274403094e-07,0,1.15922744030942e-07,0,1.1592274403094e-07,0,1.15738679442801e-07,0,-1.23157207196789e-08,0,-1.23157207196788e-08,0,1.5707963267949,0,1.5707963267949
0,-1.55403189308674e-07,0,-1.55035060132397e-07,0,-1.54850995544258e-07,0,-1.5429880177984e-07,0,7.95264108931414e-09,0,8.50483485373121e-09,0,1.5707963267949,0,1.5707963267949
0,8.36776629991689e-08,0,8.1803724862008e-08,0,7.99630789806163e-08,0,7.8055848587689e-08,0,-1.08223740262815e-08,0,-1.52732163973897e-08,0,1.5707963267949,0,1.5707963267949
0,-1.56011107524773e-07,0,-1.45168900133865e-07,0,-1.33222305214119e-07,0,-1.19757057390462e-07,0,-3.94013663900901e-08,0,-1.36342384134408e-08,0,1.5707963267949,0,1.5707963267949
0,4.79133450744366e-07,0,4.24057745780462e-07,0,3.60849906682672e-07,0,2.89192699839777e-07,0,1.63705932676841e-07,0,4.71317798363118e-08,0,1.5707963267949,0,1.5707963267949
0,-2.1939667246556e-06,0,-1.92920164059586e-06,0,-1.64398592266218e-06,0,-1.29889073579017e-06,0,-7.94868937496316e-07,0,-2.9115495377908e-07,0,1.5707963267949,0,1.5707963267949
0,9.2289209401927e-06,0,8.12803441652251e-06,0,6.95197208338091e-06,0,5.47260241020009e-06,0,3.22639402786075e-06,0,1.10916646256887e-06,0,1.5707963267949,0,1.5707963267949
0,-3.61350864941745e-05,0,-3.21241046591575e-05,0,-2.77955786549181e-05,0,-2.21456721447696e-05,0,-1.28944075352696e-05,0,-4.33067107041294e-06,0,1.5707963267949,0,1.5707963267949
0,0.0001247246275466,0,0.000112143318767143,0,9.84001143403348e-05,0,7.945407904297e-05,0,4.54781348861527e-05,0,1.49067449700378e-05,0,1.5707963267949,0,1.5707963267949
0,-0.000377025568163472,0,-0.000343640202984482,0,-0.000306983776177942,0,-0.000251994061573241,0,-0.000141738019607662,0,-4.5965295601563e-05,0,1.5707963267949,0,1.5707963267949
0,0.000984179582835812,0,0.00091161253258262,0,0.000833099333395672,0,0.000697013738420686,0,0.000382324343669785,0,0.000122059652073391,0,1.5707963267949,0,1.5707963267949
0,-0.00217995640297784,0,-0.00205872563787347,0,-0.00194021045460829,0,-0.00165968550328536,0,-0.000876371095914621,0,-0.000273397885616332,0,1.5707963267949,0,1.5707963267949
0,0.00398528636248057,0,0.00385441991670736,0,0.00380089179598587,0,0.00333887245222134,0,0.00165566350860956,0,0.000494384149538173,0,1.5707963267949,0,1.5707963267949
0,-0.00571501296773267,0,-0.00569739461528745,0,-0.0060633880386389,0,-0.00550741336713418,0,-0.00242992776547808,0,-0.000654658292849694,0,1.5707963267949,0,1.5707963267949
0,0.00570563463725229,0,0.00592420354427919,0,0.00741199068986879,0,0.00705449251647331,0,0.00236638873486411,0,0.000423937024925885,0,1.5707963267949,0,1.5707963267949
0,-0.00230505942411537,0,-0.00255287476252727,0,-0.0059682136186952,0,-0.00618596582992838,0,-0.000434454526577345,0,0.000583404308113676,0,1.5707963267949,0,1.5707963267949
0,-0.00351774967702375,0,-0.00414745083658243,0,0.00125935631679235,0,0.00211972670861549,0,-0.00319469178498648,0,-0.00224749239234168,0,1.5707963267949,0,1.5707963267949
0,0.00664069726622941,0,0.0093323194026569,0,0.00366173227677559,0,0.00263028472950099,0,0.00564656706772292,0,0.00330246491811452,0,1.5707963267949,0,1.5707963267949
0,-0.00210598277555793,0,-0.00649212795118016,0,-0.00395092506057428,0,-0.00309782858904567,0,-0.00276098316917881,0,-0.00180699323238259,0,1.5707963267949,0,1.5707963267949
0,-0.00629310355177373,0,-0.00362595208430164,0,-0.000395228608372907,0,-0.00193849184980539,0,-0.00514764524348228,0,-0.00246598227593149,0,1.5707963267949,0,1.5707963267949
0,0.00674087008210609,0,0.00954040162148354,0,0.0017615404251979,0,0.00535185920050304,0,0.00962054656132757,0,0.00588138292912837,0,1.5707963267949,0,1.5707963267949
0,0.00305539154067651,0,-0.00299787477570411,0,0.00450794929082011,0,-9.57697818735823e-06,0,-0.00265838441990328,0,-0.00357060078354787,0,1.5707963267949,0,1.5707963267949
0,-0.00643346039238863,0,-0.00519481880032122,0,-0.00888110967125765,0,-0.00705763001774173,0,-0.00850343468381796,0,-0.00351145412941438,0,1.5707963267949,0,1.5707963267949
0,-0.0056437478918634,0,-0.000122244775002041,0,0.00121438069548556,0,0.0021739351421731,0,0.00681681075344676,0,0.00699319182140136,0,1.5707963267949,0,1.5707963267949
0,0.0110411129430555,0,0.00871798598128359,0,0.00668011578074145,0,0.0081932751797909,0,0.00625941784453579,0,-0.00161406178863194,0,1.5707963267949,0,1.5707963267949
0,0.00432085030221388,0,-0.00069352809474111,0,0.000829539741881877,0,-0.00310514659883347,0,-0.00782659575462132,0,-0.00553591945654433,0,1.5707963267949,0,1.5707963267949
0,-0.0092397265148591,0,-0.00988335461968501,0,-0.00818397560129006,0,-0.0104780287115553,0,-0.00505627885891285,0,0.00455549310110968,0,1.5707963267949,0,1.5707963267949
0,-0.0100518419676115,0,-0.00112529427642123,0,-0.0021483031077667,0,0.00480506349165104,0,0.00570411199486171,0,0.0016727611966535,0,1.5707963267949,0,1.5707963267949
0,0.00895398333337976,0,0.011832007510367,0,0.0069850593663808,0,0.00962250677924856,0,0.00725741088493378,0,-0.00297564975286166,0,1.5707963267949,0,1.5707963267949
0,0.0136654299355716,0,0.00239828091779048,0,0.00542845125014918,0,-0.00225519065973932,0,-0.0035039702030124,0,-0.0007886069696813,0,1.5707963267949,0,1.5707963267949
0,-0.000323832468499366,0,-0.00947897988782212,0,-0.00326412389172465,0,-0.00876618816500515,0,-0.0101400472427911,0,0.00149034449644838,0,1.5707963267949,0,1.5707963267949
0,-0.0196902531682912,0,-0.00761863180169155,0,-0.00649140615050779,0,-0.00037859310627532,0,0.00225604710192767,0,0.00179955399002514,0,1.5707963267949,0,1.5707963267949
0,-0.00824905970460181,0,0.0081089931227831,0,-0.00678610778313186,0,0.00307398116446749,0,0.0084994490830481,0,-0.00191374055984137,0,1.5707963267949,0,1.5707963267949
0,0.0147123880501425,0,0.00930624583998632,0,0.0063168729334529,0,0.0057734313982255,0,0.00214475346272971,0,-0.00248621781072576,0,1.5707963267949,0,1.5707963267949
0,0.0171204558957769,0,-0.00207702171942505,0,0.0134950308292017,0,0.00108568695933391,0,-0.00621269499947913,0,0.00282021661408685,0,1.5707963267949,0,1.5707963267949
0,0.000779488424460628,0,-0.0111512400085341,0,0.00227484106541432,0,-0.00669990636079761,0,-0.00438261794468263,0,0.00334868950990557,0,1.5707963267949,0,1.5707963267949
0,-0.0172722520509204,0,-0.0052181080461921,0,-0.0115461916608452,0,-0.00300299478837804,0,0.00216579796159761,0,-0.00432633511824662,0,1.5707963267949,0,1.5707963267949
0,-0.0162697853980852,0,0.0100499654761992,0,-0.0136423128448329,0,0.00301099299489483,0,0.00447050656854764,0,-0.00383782999062817,0,1.5707963267949,0,1.5707963267949
0,0.00236530703702432,0,0.0132210290926372,0,-0.00107299289018283,0,0.00277219451877596,0,0.000883252498673434,0,0.00529602832540653,0,1.5707963267949,0,1.5707963267949
0,0.0186447763561411,0,-0.00230449783969383,0,0.0143640500160462,0,-0.000364412997982655,0,-0.00378091341762252,0,0.00489731202094687,0,1.5707963267949,0,1.5707963267949
0,0.0156262420423145,0,-0.0165528540972146,0,0.0150828875787265,0,-0.000867860681423574,0,-0.000998185460260652,0,-0.00434093620278952,0,1.5707963267949,0,1.5707963267949
0,-0.00310377673667502,0,-0.0112845148409755,0,-0.000640401500621238,0,0.000728634609540842,0,0.00407701351934771,0,-0.00710691680945311,0,1.5707963267949,0,1.5707963267949
0,-0.0170506979561195,0,0.0071473477309844,0,-0.0151999156604653,0,0.000861904664896045,0,0.000935335674927359,0,0.000441298711386259,0,1.5707963267949,0,1.5707963267949
0,-0.0131354520606985,0,0.0189755446653801,0,-0.0138144520877503,0,-0.00132386443025041,0,-0.00549344186647872,0,0.00778075880701734,0,1.5707963267949,0,1.5707963267949
0,-0.000285337275108181,0,0.0116018462055026,0,-0.000740904960240924,0,-0.00434185124752837,0,-0.0048566624006028,0,0.00499909311059331,0,1.5707963267949,0,1.5707963267949
0,0.00820156252182816,0,-0.00783035763804749,0,0.0112553768869337,0,-0.00460792606447252,0,0.00261188196304892,0,-0.00421627063566687,0,1.5707963267949,0,1.5707963267949
0,0.00978195660050626,0,-0.0213254293788209,0,0.0137531187151624,0,0.00014773472105668,0,0.00869011999111329,0,-0.00840332822789386,0,1.5707963267949,0,1.5707963267949
0,0.0050116935513223,0,-0.017049109139491,0,0.00588865594166069,0,0.00789348994080536,0,0.00421643247892264,0,-0.00442755372981278,0,1.5707963267949,0,1.5707963267949
0,-0.00511932648021295,0,0.00459588625430283,0,-0.00458977638875617,0,0.0116291225201566,0,-0.00773781692802287,0,0.00360549789780974,0,1.5707963267949,0,1.5707963267949
0,-0.0138462026405162,0,0.0275475058089596,0,-0.00732129579488494,0,0.006255890398494,0,-0.0101013373448072,0,0.010912803322498,0,1.5707963267949,0,1.5707963267949
0,-0.0170073511804804,0,0.0265081675090928,0,-0.00269667148100041,0,-0.00348780110411621,0,0.000913623487431034,0,0.00979896562117701,0,1.5707963267949,0,1.5707963267949
0,-0.00876718541453454,0,0.00359283354416382,0,0.00694091382878795,0,0.000448846039753147,0,0.0136229481420777,0,-2.87541006459236e-05,0,1.5707963267949,0,1.5707963267949
0,0.0107820257061022,0,-0.0145885876481446,0,0.0165572556190011,0,0.0235358069095653,0,0.0192856198378987,0,-0.00544647697452114,0,1.5707963267949,0,1.5707963267949
0,0.0290382053522639,0,-0.00921160692344074,0,0.0221147563865935,0,0.0519821561985134,0,0.0171802077199777,0,0.00292244448369525,0,1.5707963267949,0,1.5707963267949
0,0.0359366213938455,0,0.0189775095767059,0,0.0239392993368521,0,0.0695122199072694,0,0.0154581300105808,0,0.0214716861418633,0,1.5707963267949,0,1.5707963267949
0,0.0309854956288262,0,0.048008986551907,0,0.0218576014822824,0,0.071933263756508,0,0.0210569320980128,0,0.0364136018606515,0,1.5707963267949,0,1.5707963267949
0,0.0342692192429199,0,0.0672155799159219,0,0.0254399110326991,0,0.0757285946537484,0,0.0378069502648852,0,0.039445997821446,0,1.5707963267949,0,1.5707963267949
0,0.0620221800461646,0,0.0743335924831017,0,0.0351018104013672,0,0.0914135365541921,0,0.064347972753889,0,0.0387543190931214,0,1.5707963267949,0,1.5707963267949
0,0.114407661508958,0,0.0734669131598266,0,0.0515552726307599,0,0.125475762963804,0,0.0911246372224603,0,0.044799603926889,0,1.5707963267949,0,1.5707963267949
0,0.175678115234172,0,0.0785887701078854,0,0.0687831922882045,0,0.17236410760611,0,0.1094565687972,0,0.0609675578664614,0,1.5707963267949,0,1.5707963267949
0,0.228503333255647,0,0.10270729561036,0,0.0853515029065617,0,0.219322532747437,0,0.122576808509768,0,0.0852778656168991,0,1.5707963267949,0,1.5707963267949
0,0.277953190763396,0,0.156439911744042,0,0.106015881417165,0,0.253455935546236,0,0.144868213745208,0,0.114213447151072,0,1.5707963267949,0,1.5707963267949
0,0.325107004613086,0,0.216165973688185,0,0.123394336361412,0,0.265192711272882,0,0.17882151392141,0,0.139656699319042,0,1.5707963267949,0,1.5707963267949
0,0.387808144750027,0,0.267217577552123,0,0.148747300413172,0,0.275960186376731,0,0.222782028973277,0,0.156626359387542,0,1.5707963267949,0,1.5707963267949
0,0.47358542392583,0,0.303363729338218,0,0.174805917046114,0,0.301051022342146,0,0.272735300859947,0,0.168481720714492,0,1.5707963267949,0,1.5707963267949
0,0.571130411392721,0,0.328019425559035,0,0.204346493497721,0,0.349269511563668,0,0.31716025941796,0,0.182149658449031,0,1.5707963267949,0,1.5707963267949
0,0.721884202472542,0,0.38477334579606,0,0.250267220042078,0,0.430613198019936,0,0.37111900342447,0,0.214676808413311,0,1.5707963267949,0,1.5707963267949
0,0.721884202472542,0,0.38477334579606,0,0.250267220042078,0,0.430613198019936,0,0.37111900342447,0,0.214676808413311,0,1.5707963267949,0,1.5707963267949
0.0173723624195299,0.706297866538621,0.0123060479126407,0.379942927057853,0.00764468665495135,0.245756284409894,0.00336939054390788,0.417238452912701,0.000766125902367199,0.356429241793758,2.71045002640411e-05,0.199342750669503,0,1.5707963267949,0,1.5707963267949
0.0347447248390597,0.690711530604701,0.0246120958252813,0.375112508319646,0.0152893733099027,0.241245348777711,0.00673878108781577,0.403863707805467,0.0015322518047344,0.341739480163047,5.42090005280823e-05,0.184008692925695,0,1.5707963267949,0,1.5707963267949
0.0521170872585896,0.67512519467078,0.036918143737922,0.370282089581438,0.022934059964854,0.236734413145528,0.0101081716317236,0.390488962698232,0.0022983777071016,0.327049718532335,8.13135007921234e-05,0.168674635181887,0,1.5707963267949,0,1.5707963267949
0.0694894496781195,0.65953885873686,0.0492241916505627,0.365451670843231,0.0305787466198054,0.232223477513345,0.0134775621756315,0.377114217590997,0.00306450360946879,0.312359956901624,0.000108418001056165,0.153340577438079,0,1.5707963267949,0,1.5707963267949
0.0868618120976493,0.643952522802939,0.0615302395632033,0.360621252105024,0.0382234332747567,0.227712541881161,0.0168469527195394,0.363739472483763,0.00383062951183599,0.297670195270913,0.000135522501320206,0.138006519694271,0,1.5707963267949,0,1.5707963267949
0.104234174517179,0.628366186869019,0.073836287475844,0.355790833366817,0.0458681199297081,0.223201606248978,0.0202163432634473,0.350364727376528,0.00459675541420319,0.282980433640201,0.000162627001584247,0.122672461950463,0,1.5707963267949,0,1.5707963267949
0.121606536936709,0.612779850935099,0.0861423353884846,0.35096041462861,0.0535128065846594,0.218690670616795,0.0235857338073552,0.336989982269293,0.00536288131657039,0.26829067200949,0.000189731501848288,0.107338404206656,0,1.5707963267949,0,1.5707963267949
0.138978899356239,0.597193515001178,0.0984483833011253,0.346129995890403,0.0611574932396108,0.214179734984612,0.0269551243512631,0.323615237162058,0.00612900721893759,0.253600910378778,0.000216836002112329,0.0920043464628476,0,1.5707963267949,0,1.5707963267949
0.156351261775769,0.581607179067258,0.110754431213766,0.341299577152196,0.0688021798945622,0.209668799352428,0.030324514895171,0.310240492054824,0.00689513312130479,0.238911148748067,0.00024394050237637,0.0766702887190397,0,1.5707963267949,0,1.5707963267949
0.173723624195299,0.566020843133337,0.123060479126407,0.336469158413988,0.0764468665495135,0.205157863720245,0.0336939054390788,0.296865746947589,0.00766125902367199,0.224221387117355,0.000271045002640411,0.0613362309752317,0,1.5707963267949,0,1.5707963267949
0.191095986614829,0.550434507199417,0.135366527039047,0.331638739675781,0.0840915532044648,0.200646928088062,0.0370632959829867,0.283491001840354,0.00842738492603919,0.209531625486644,0.000298149502904453,0.0460021732314238,0,1.5707963267949,0,1.5707963267949
0.208468349034358,0.534848171265496,0.147672574951688,0.326808320937574,0.0917362398594162,0.196135992455878,0.0404326865268946,0.270116256733119,0.00919351082840639,0.194841863855932,0.000325254003168494,0.0306681154876159,0,1.5707963267949,0,1.5707963267949
0.225840711453888,0.519261835331576,0.159978622864329,0.321977902199367,0.0993809265143676,0.191625056823695,0.0438020770708025,0.256741511625885,0.00995963673077358,0.180152102225221,0.000352358503432535,0.0153340577438079,0,1.5707963267949,0,1.5707963267949
0.243213073873418,0.503675499397656,0.172284670776969,0.31714748346116,0.107025613169319,0.187114121191512,0.0471714676147104,0.24336676651865,0.0107257626331408,0.16546234059451,0.000379463003696576,0,0,1.5707963267949,0,1.5707963267949
0.243213073873418,0.503675499397656,0.172284670776969,0.31714748346116,0.107025613169319,0.187114121191512,0.0471714676147104,0.24336676651865,0.0107257626331408,0.16546234059451,0.000379463003696576,0,0,1.5707963267949,0,1.5707963267949
0.26779016160061,0.50480038423023,0.172060740549901,0.308741713945143,0.101400772150785,0.178581117728496,0.0414896186286362,0.23321987199961,0.00680143860777604,0.159368788482839,0.000352358503432535,-0,0,1.5707963267949,0,1.5707963267949
0.292367249327801,0.505925269062804,0.171836810322833,0.300335944429126,0.0957759311322504,0.170048114265481,0.035807769642562,0.22307297748057,0.00287711458241129,0.153275236371168,0.000325254003168494,-0,0,1.5707963267949,0,1.5707963267949
0.316944337054993,0.507050153895379,0.171612880095765,0.29193017491311,0.0901510901137162,0.161515110802465,0.0301259206564878,0.21292608296153,-0.00104720944295346,0.147181684259497,0.000298149502904453,-0,0,1.5707963267949,0,1.5707963267949
0.341521424782185,0.508175038727953,0.171388949868697,0.283524405397093,0.084526249095182,0.152982107339449,0.0244440716704136,0.202779188442489,-0.0049715334683182,0.141088132147826,0.000271045002640411,-0,0,1.5707963267949,0,1.5707963267949
0.366098512509376,0.509299923560528,0.171165019641629,0.275118635881076,0.0789014080766477,0.144449103876434,0.0187622226843394,0.192632293923449,-0.00889585749368295,0.134994580036155,0.00024394050237637,-0,0,1.5707963267949,0,1.5707963267949
0.390675600236568,0.510424808393102,0.170941089414561,0.266712866365059,0.0732765670581135,0.135916100413418,0.0130803736982653,0.182485399404409,-0.0128201815190477,0.128901027924484,0.000216836002112329,-0,0,1.5707963267949,0,1.5707963267949
0.41525268796376,0.511549693225676,0.170717159187493,0.258307096849043,0.0676517260395793,0.127383096950402,0.00739852471219107,0.172338504885369,-0.0167445055444124,0.122807475812813,0.000189731501848288,0,0,1.5707963267949,0,1.5707963267949
0.439829775690951,0.512674578058251,0.170493228960424,0.249901327333026,0.062026885021045,0.118850093487387,0.00171667572611688,0.162191610366329,-0.0206688295697772,0.116713923701142,0.000162627001584247,0,0,1.5707963267949,0,1.5707963267949
0.464406863418143,0.513799462890825,0.170269298733356,0.241495557817009,0.0564020440025108,0.110317090024371,-0.00396517325995731,0.152044715847289,-0.0245931535951419,0.110620371589471,0.000135522501320206,0,0,1.5707963267949,0,1.5707963267949
0.488983951145335,0.5149243477234,0.170045368506288,0.233089788300992,0.0507772029839765,0.101784086561355,-0.00964702224603149,0.141897821328249,-0.0285174776205067,0.1045268194778,0.000108418001056165,0,0,1.5707963267949,0,1.5707963267949
0.513561038872526,0.516049232555974,0.16982143827922,0.224684018784976,0.0451523619654423,0.0932510830983396,-0.0153288712321057,0.131750926809209,-0.0324418016458714,0.0984332673661287,8.13135007921234e-05,0,0,1.5707963267949,0,1.5707963267949
0.538138126599718,0.517174117388548,0.169597508052152,0.216278249268959,0.0395275209469081,0.0847180796353239,-0.0210107202181799,0.121604032290168,-0.0363661256712362,0.0923397152544577,5.42090005280823e-05,0,0,1.5707963267949,0,1.5707963267949
0.56271521432691,0.518299002221123,0.169373577825084,0.207872479752942,0.0339026799283738,0.0761850761723083,-0.026692569204254,0.111457137771128,-0.0402904496966009,0.0862461631427867,2.71045002640411e-05,0,0,1.5707963267949,0,1.5707963267949
0.587292302054101,0.519423887053697,0.169149647598016,0.199466710236925,0.0282778389098396,0.0676520727092926,-0.0323744181903282,0.101310243252088,-0.0442147737219657,0.0801526110311157,0,0,0,1.5707963267949,0,1.5707963267949
0.587292302054101,0.519423887053697,0.169149647598016,0.199466710236925,0.0282778389098396,0.0676520727092926,-0.0323744181903282,0.101310243252088,-0.0442147737219657,0.0801526110311157,0,0,0,1.5707963267949,0,1.5707963267949
0.641787540332359,0.486432168213285,0.156262848062124,0.185846502581913,0.0259119654605412,0.0629555884268208,-0.0304367770352847,0.0946931952250432,-0.0415662841588235,0.0744274245288932,-0,-0,0,1.5707963267949,0,1.5707963267949
0.696282778610616,0.453440449372872,0.143376048526232,0.1722262949269,0.0235460920112427,0.058259104144349,-0.0284991358802412,0.0880761471979982,-0.0389177945956813,0.0687022380266706,-0,-0,0,1.5707963267949,0,1.5707963267949
0.750778016888873,0.42044873053246,0.130489248990339,0.158606087271888,0.0211802185619442,0.0535626198618772,-0.0265614947251978,0.0814590991709532,-0.0362693050325392,0.0629770515244481,-0,-0,0,1.5707963267949,0,1.5707963267949
0.80527325516713,0.387457011692047,0.117602449454447,0.144985879616875,0.0188143451126458,0.0488661355794054,-0.0246238535701543,0.0748420511439083,-0.033620815469397,0.0572518650222255,-0,-0,0,1.5707963267949,0,1.5707963267949
0.859768493445388,0.354465292851635,0.104715649918555,0.131365671961862,0.0164484716633473,0.0441696512969336,-0.0226862124151108,0.0682250031168633,-0.0309723259062549,0.051526678520003,-0,-0,0,1.5707963267949,0,1.5707963267949
0.914263731723645,0.321473574011222,0.0918288503826631,0.11774546430685,0.0140825982140489,0.0394731670144618,-0.0207485712600673,0.0616079550898183,-0.0283238363431127,0.0458014920177804,-0,-0,0,1.5707963267949,0,1.5707963267949
0.968758970001902,0.28848185517081,0.078942050846771,0.104125256651837,0.0117167247647504,0.03477668273199,-0.0188109301050238,0.0549909070627734,-0.0256753467799705,0.0400763055155579,0,0,0,1.5707963267949,0,1.5707963267949
1.02325420828016,0.255490136330398,0.0660552513108789,0.0905050489968245,0.00935085131545199,0.0300801984495183,-0.0168732889499803,0.0483738590357284,-0.0230268572168284,0.0343511190133353,0,0,0,1.5707963267949,0,1.5707963267949
1.07774944655842,0.222498417489985,0.0531684517749868,0.0768848413418119,0.00698497786615354,0.0253837141670465,-0.0149356477949368,0.0417568110086834,-0.0203783676536862,0.0286259325111128,0,0,0,1.5707963267949,0,1.5707963267949
1.13224468483667,0.189506698649573,0.0402816522390947,0.0632646336867992,0.00461910441685509,0.0206872298845747,-0.0129980066398933,0.0351397629816385,-0.017729878090544,0.0229007460088902,0,0,0,1.5707963267949,0,1.5707963267949
1.18673992311493,0.15651497980916,0.0273948527032026,0.0496444260317866,0.00225323096755664,0.0159907456021029,-0.0110603654848498,0.0285227149545935,-0.0150813885274019,0.0171755595066677,0,0,0,1.5707963267949,0,1.5707963267949
1.24123516139319,0.123523260968748,0.0145080531673105,0.0360242183767741,-0.000112642481741809,0.0112942613196311,-0.00912272432980633,0.0219056669275485,-0.0124328989642597,0.0114503730044451,0,0,0,1.5707963267949,0,1.5707963267949
1.29573039967145,0.0905315421283354,0.00162125363141835,0.0224040107217615,-0.00247851593104026,0.00659777703715928,-0.00718508317476284,0.0152886189005036,-0.00978440940111755,0.00572518650222255,0,0,0,1.5707963267949,0,1.5707963267949
1.3502256379497,0.0575398232879229,-0.0112655459044738,0.00878380306674883,-0.00484438938033872,0.0019012927546875,-0.00524744201971934,0.00867157087345858,-0.00713591983797539,0,0,0,0,1.5707963267949,0,1.5707963267949
